{"true_params": [0.8076923846282942, 0.3263850146623088, 0.5825965778261655, 0.5786203504852833, 0.07859714290681204, 0.12501682964314365, 0.642560068460712], "true_observation": [8.93364413227264, 8.15007993391319, 7.547510440179899, 7.161635142150424, 6.7771634387447515, 5.757960841618622, 6.126894924027757, 5.4418553409408394, 6.4948210927978005, 6.792361024032166, 5.195892374882043, 5.213446124901849]}